microbe_id	batch_id	plant_id	photo_id	OD	var_fresh_weight_mg	var_dry_weight_mg	var_rosette_diameter_cm	var_rosette_leaves	var_dry_rosette_leaves	var_stem_leaves	var_stem_height_cm	var_number_of_stems	var_stem_siliques	comments	condition
Control	1	A1	NA	NA	135	38	7.1	36	NA	NA	0.1	1	NA		water_deficit
Control	1	A2	NA	NA	55	28	4.7	14	NA	NA	NA	NA	NA		water_deficit
Control	1	A3	NA	NA	92	17	6.7	25	3	2	6.5	2	NA		water_deficit
Control	1	B1	NA	NA	150	31	5	16	3	3	6.9	2	NA		water_deficit
Control	1	B2	NA	NA	101	25	5.1	18	4	3	5.9	1	NA		water_deficit
Control	1	B3	NA	NA	108	45	3.5	18	2	3	5.7	2	NA		water_deficit
Control	1	C1	NA	NA	69	38	4.1	14	2	3	9	1	NA		water_deficit
Control	1	C2	NA	NA	86	16	4.5	14	4	2	2.2	1	NA		water_deficit
Control	1	C3	NA	NA	91	37	5.5	13	NA	2	3	1	NA		water_deficit
E. coli	1	A2	NA	NA	41	17	6.1	20	5	NA	NA	NA	NA		water_deficit
E. coli	1	A3	NA	NA	49	63	11	3	NA	NA	NA	NA	NA		water_deficit
E. coli	1	B1	NA	NA	78	35	5.5	17	1	1	0.6	1	NA		water_deficit
E. coli	1	B2	NA	NA	65	41	35	6	1	4	13	2	NA		water_deficit
E. coli	1	B3	NA	NA	114	41	4.8	18	6	5	8.4	1	NA		water_deficit
E. coli	1	C1	NA	NA	81	54	5.6	18	NA	NA	NA	NA	NA		water_deficit
E. coli	1	C2	NA	NA	31	38	4.7	15	4	NA	NA	NA	NA		water_deficit
E. coli	1	C3	NA	NA	77	38	6.1	14	1	1	3.8	1	NA		water_deficit
166	1	A1	NA	NA	19	31	3.9	10	0	0	0	0	0		water_deficit
166	1	A2	NA	NA	36	31	5.6	16	1	2	1.3	1	NA		water_deficit
166	1	A3	NA	NA	51	41	5.4	16	2	3	1.2	1	NA		water_deficit
166	1	B1	NA	NA	28	25	3.8	10	1	3	6.7	1	4		water_deficit
166	1	B2	NA	NA	53	48	5	22	4	3	1.1	2	NA		water_deficit
166	1	B3	NA	NA	41	38	4.9	14	3	NA	0.3	1	NA		water_deficit
166	1	C1	NA	NA	13	11	3.2	12	4	0	0	0	0		water_deficit
166	1	C2	NA	NA	101	95	6.4	26	0	NA	0.2	2	NA		water_deficit
166	1	C3	NA	NA	27	22	5	12	2	5	6.8	1	NA		water_deficit
184	1	A1	NA	NA	126	101	6.4	26	2	NA	0.2	2	NA		water_deficit
184	1	A2	NA	NA	45	34	6.4	16	1	3	2.6	3	NA		water_deficit
184	1	A3	NA	NA	34	25	4.1	23	1	NA	0.1	NA	NA		water_deficit
184	1	B1	NA	NA	116	64	6.5	24	1	NA	0.1	3	NA		water_deficit
184	1	B2	NA	NA	76	37	4.2	20	NA	3	0.1	2	NA		water_deficit
184	1	B3	NA	NA	18	7	3	8	0	0	0	0	0		water_deficit
184	1	C1	NA	NA	53	35	5.3	14	3	4	7	1	NA		water_deficit
184	1	C2	NA	NA	91	59	5.9	16	1	NA	0.1	4	NA		water_deficit
184	1	C3	NA	NA	109	77	4.2	26	NA	6	2.1	3	NA		water_deficit
186	1	A1	NA	NA	87	52	5.9	22	2	4	3.6	1	NA		water_deficit
186	1	A2	NA	NA	97	52	5.4	16	2	3	4	2	NA		water_deficit
186	1	A3	NA	NA	53	29	4	19	3	3	1.8	2	NA		water_deficit
186	1	B1	NA	NA	65	61	5	22	3	NA	0.4	2	NA		water_deficit
186	1	B2	NA	NA	50	46	5.1	16	6	3	1.1	1	NA		water_deficit
186	1	B3	NA	NA	24	22	3.1	10	0	0	0	0	0		water_deficit
186	1	C1	NA	NA	145	90	6.1	30	1	NA	0.2	2	NA		water_deficit
186	1	C2	NA	NA	49	33	4.5	16	2	3	1.3	1	NA		water_deficit
186	1	C3	NA	NA	39	26	4.4	16	0	NA	0.1	1	NA		water_deficit
210	1	A1	NA	NA	57	41	5.5	20	2	NA	1	1	NA		water_deficit
210	1	A2	NA	NA	48	34	6	24	1	3	1.9	1	NA		water_deficit
210	1	A3	NA	NA	67	47	4.9	22	NA	3	8.2	3	3		water_deficit
210	1	B1	NA	NA	104	27	4.2	19	0	5	3.6	1	NA		water_deficit
210	1	B2	NA	NA	225	60	6.2	26	0	3	3.2	1	NA		water_deficit
210	1	B3	NA	NA	106	26	4.4	16	2	2	6.4	1	4		water_deficit
210	1	C1	NA	NA	35	30	4.4	16	0	3	2.6	1	NA		water_deficit
210	1	C2	NA	NA	48	36	5.1	16	3	4	2.8	1	NA		water_deficit
210	1	C3	NA	NA	50	44	4.6	24	1	0	0	0	0		water_deficit
253	1	A1	NA	NA	389	69	8.2	30	4	3	0.9	1	NA		water_deficit
253	1	A2	NA	NA	116	19	6.2	12	0	1	0.3	1	3		water_deficit
253	1	A3	NA	NA	207	37	6.9	20	1	2	0.5	1	NA		water_deficit
253	1	B1	NA	NA	40	37	4.4	16	0	0	0	0	0		water_deficit
253	1	B2	NA	NA	62	54	5.5	20	2	NA	0.1	2	NA		water_deficit
253	1	B3	NA	NA	59	54	6	20	2	NA	0.1	1	NA		water_deficit
253	1	C1	NA	NA	31	28	4.5	14	2	3	1.2	1	NA		water_deficit
253	1	C2	NA	NA	26	25	4.5	16	1	0	0	0	0		water_deficit
253	1	C3	NA	NA	29	27	4	14	NA	3	1.6	NA	NA		water_deficit
263	1	A1	NA	NA	35	35	5	16	2	NA	0.1	1	NA		water_deficit
263	1	A2	NA	NA	36	33	3.9	18	2	NA	0.1	2	NA		water_deficit
263	1	A3	NA	NA	49	46	5.1	16	2	NA	0.1	2	NA		water_deficit
263	1	B1	NA	NA	84	75	6.2	24	2	NA	0.1	3	NA		water_deficit
263	1	B2	NA	NA	42	36	4.2	20	1	NA	0.1	3	NA		water_deficit
263	1	B3	NA	NA	38	36	5.8	16	1	NA	0.2	2	NA		water_deficit
263	1	C1	NA	NA	100	47	4.4	16	3	4	9.3	1	4		water_deficit
263	1	C2	NA	NA	49	24	4.1	16	2	NA	0.1	1	NA		water_deficit
263	1	C3	NA	NA	NA	15	3.2	16	2	0	0	0	0		water_deficit
295	1	A1	NA	NA	38	30	5.1	16	1	0	0	0	0		water_deficit
295	1	A2	NA	NA	40	28	4.5	16	3	NA	0.3	2	NA		water_deficit
295	1	A3	NA	NA	15	10	3	14	3	NA	0.3	1	NA		water_deficit
295	1	B1	NA	NA	35	34	4.2	16	2	NA	0.2	1	NA		water_deficit
295	1	B2	NA	NA	27	36	4.3	16	1	NA	0.2	1	NA		water_deficit
295	1	B3	NA	NA	12	12	3.5	10	1	0	0	0	0		water_deficit
295	1	C1	NA	NA	57	24	3.7	16	1	2	3.3	1	NA		water_deficit
295	1	C2	NA	NA	89	36	5.1	16	1	2	1.5	0	NA		water_deficit
295	1	C3	NA	NA	69	30	4.3	16	1	0	0	0	0		water_deficit
309	1	A1	NA	NA	45	42	5.4	18	0	NA	0.1	2	NA		water_deficit
309	1	A2	NA	NA	54	47	6.2	21	1	NA	0.3	3	NA		water_deficit
309	1	A3	NA	NA	21	10	4.2	14	1	0	0	0	NA		water_deficit
309	1	B1	NA	NA	102	65	6.4	28	2	NA	0.2	3	NA		water_deficit
309	1	B2	NA	NA	91	54	6	8	0	3	4.2	1	NA		water_deficit
309	1	B3	NA	NA	39	23	4	14	0	2	2.2	1	NA		water_deficit
309	1	C1	NA	NA	61	57	6.8	17	3	3	3.9	1	NA		water_deficit
309	1	C2	NA	NA	41	37	5.4	26	2	NA	0.3	1	NA		water_deficit
309	1	C3	NA	NA	37	35	4	14	3	NA	0.1	2	NA		water_deficit
324	1	A1	NA	NA	33	27	5.2	14	NA	NA	NA	NA	NA		water_deficit
324	1	A2	NA	NA	71	57	5.7	26	3	3	4	2	NA		water_deficit
324	1	A3	NA	NA	28	26	4.9	15	3	NA	NA	NA	NA		water_deficit
324	1	B1	NA	NA	54	50	5.3	22	2	NA	NA	NA	NA		water_deficit
324	1	B2	NA	NA	36	35	5	16	2	NA	0.5	1	NA		water_deficit
324	1	B3	NA	NA	66	59	7	24	3	NA	0.5	1	NA		water_deficit
324	1	C1	NA	NA	133	49	5.1	21	5	5	2.1	2	NA		water_deficit
324	1	C2	NA	NA	137	50	7.1	27	3	NA	NA	NA	NA		water_deficit
324	1	C3	NA	NA	146	56	6.7	NA	NA	3	2.3	1	NA		water_deficit
343	1	A1	NA	NA	48	47	5.7	18	5	3	3.8	1	NA		water_deficit
343	1	A2	NA	NA	61	59	6.6	22	5	4	4	3	NA		water_deficit
343	1	A3	NA	NA	32	32	6	14	0	NA	0.2	1	NA		water_deficit
343	1	B1	NA	NA	65	50	6.6	16	1	3	1.4	1	NA		water_deficit
343	1	B2	NA	NA	69	49	4.4	16	3	6	8	1	4		water_deficit
343	1	B3	NA	NA	55	40	5.2	14	2	NA	0.7	1	NA		water_deficit
343	1	C1	NA	NA	84	68	6.7	22	2	NA	0.2	1	NA		water_deficit
343	1	C2	NA	NA	36	22	4.7	16	1	0	0	0	0		water_deficit
343	1	C3	NA	NA	23	16	4.6	14	2	0	0	0	0		water_deficit
Control	2	A1	NA	NA	84	65	NA	NA	NA	NA	NA	NA	NA		water_deficit
Control	2	A2	NA	NA	78	79	NA	NA	NA	NA	NA	NA	NA		water_deficit
Control	2	A3	NA	NA	61	55	NA	NA	NA	NA	NA	NA	NA		water_deficit
Control	2	B1	NA	NA	90	108	7.2	34	10	5	3.5	2	NA		water_deficit
Control	2	B2	NA	NA	114	87	6.7	27	4	3	2.2	1	NA		water_deficit
Control	2	B3	NA	NA	63	66	6.4	30	3	2	0.1	1	NA		water_deficit
Control	2	C1	NA	NA	33	22	4	19	2	0	0	0	0		water_deficit
Control	2	C2	NA	NA	48	51	6.5	23	2	0	0	0	0		water_deficit
Control	2	C3	NA	NA	51	57	6.4	18	2	4	2.8	2	NA		water_deficit
Control	2	C4	NA	NA	60	55	5.9	28	4	3	6.4	1	NA		water_deficit
E. coli	2	A1	NA	NA	43	40	3.8	19	5	2	6.2	3	NA		water_deficit
E. coli	2	A2	NA	NA	59	55	5.8	23	3	3	0.4	2	NA		water_deficit
E. coli	2	A3	NA	NA	103	96	5.5	35	3	4	4.3	2	NA		water_deficit
E. coli	2	B1	NA	NA	25	23	4.5	12	2	3	3.1	1	NA		water_deficit
E. coli	2	B2	NA	NA	59	57	6.2	22	2	0	0.2	2	NA		water_deficit
E. coli	2	B3	NA	NA	61	58	4.9	21	4	2	1.5	1	NA		water_deficit
E. coli	2	C1	NA	NA	55	51	5.3	14	3	3	2.8	1	NA		water_deficit
E. coli	2	C2	NA	NA	56	52	4.5	18	1	3	4.2	2	NA		water_deficit
E. coli	2	C3	NA	NA	41	40	3.7	18	5	7	10.2	1	NA		water_deficit
175	2	A1	NA	NA	50	46	4.6	19	1	3	2.2	2	NA		water_deficit
175	2	A2	NA	NA	40	33	4.2	16	NA	3	5.3	1	NA		water_deficit
175	2	A3	NA	NA	NA	NA	NA	NA	NA	NA	NA	NA	NA		water_deficit
175	2	B1	NA	NA	54	50	5.4	21	2	3	0.1	1	NA		water_deficit
175	2	B2	NA	NA	68	65	4.9	20	2	3	3.7	1	NA		water_deficit
175	2	B3	NA	NA	32	30	4.4	15	1	4	2.6	1	NA		water_deficit
175	2	C1	NA	NA	58	52	4.1	20	4	NA	0.6	1	NA		water_deficit
175	2	C2	NA	NA	45	40	4.6	22	3	NA	0.6	2	NA		water_deficit
175	2	C3	NA	NA	30	25	3.3	16	4	0	0	0	0		water_deficit
348	2	A1	NA	NA	94	86	6.2	28	4	0	0	0	0		water_deficit
204	2	A2	NA	NA	47	44	5	18	4	0	0.3	1	NA		water_deficit
204	2	A3	NA	NA	44	33	4.1	16	1	0	0	0	0		water_deficit
204	2	B1	NA	NA	108	94	6.2	22	3	5	3	1	NA		water_deficit
204	2	B2	NA	NA	37	40	4.1	22	2	3	0.4	1	NA		water_deficit
204	2	B3	NA	NA	54	43	5.2	22	2	0	0.3	1	NA		water_deficit
204	2	C1	NA	NA	105	94	5.4	28	6	5	5.8	2	NA		water_deficit
204	2	C2	NA	NA	127	125	5.6	36	5	0	0.5	2	NA		water_deficit
234	2	A1	NA	NA	61	57	4.6	22	2	NA	4	1	NA		water_deficit
234	2	A2	NA	NA	76	67	4.3	18	2	3	5.8	3	NA		water_deficit
234	2	A3	NA	NA	63	60	7.3	28	2	NA	NA	NA	NA		water_deficit
234	2	B1	NA	NA	70	66	8	28	3	2	0.3	1	NA		water_deficit
234	2	B2	NA	NA	48	46	4.9	18	5	5	11.2	1	NA		water_deficit
234	2	B3	NA	NA	40	38	5.8	18	3	5	5	1	NA		water_deficit
234	2	C1	NA	NA	81	63	6.5	20	3	0	0.3	1	NA		water_deficit
234	2	C2	NA	NA	72	54	5.2	16	3	5	6	2	NA		water_deficit
234	2	C3	NA	NA	61	54	6.3	18	2	6	5.1	1	NA		water_deficit
297	2	A1	NA	NA	85	85	5.8	29	4	3	4.2	3	NA		water_deficit
297	2	A2	NA	NA	78	75	5.9	28	3	3	5.5	2	NA		water_deficit
297	2	A3	NA	NA	NA	NA	NA	NA	NA	NA	NA	NA	NA		water_deficit
297	2	B1	NA	NA	49	43	3.3	16	2	2	2.2	1	NA		water_deficit
297	2	B2	NA	NA	45	43	5.7	20	2	3	1.8	1	NA		water_deficit
297	2	B3	NA	NA	75	73	7.3	16	2	4	3	1	NA		water_deficit
297	2	C1	NA	NA	91	91	5.1	24	3	3	7.2	2	NA		water_deficit
297	2	C2	NA	NA	140	138	6.5	33	3	3	8.2	1	NA		water_deficit
297	2	C3	NA	NA	NA	NA	NA	NA	NA	NA	NA	NA	NA		water_deficit
300	2	A1	NA	NA	92	91	7.1	20	2	3	2.6	2	NA	3+0	water_deficit
300	2	A2	NA	NA	78	75	6	28	4	3	1	1	NA		water_deficit
300	2	A3	NA	NA	NA	NA	NA	NA	NA	NA	NA	NA	NA		water_deficit
300	2	B1	NA	NA	102	96	7.1	20	2	3	2.6	2	NA	3+0	water_deficit
300	2	B2	NA	NA	68	64	4.9	27	2	0	0.1	1	NA		water_deficit
300	2	B3	NA	NA	51	46	3.9	21	NA	3	3	1	NA		water_deficit
300	2	C1	NA	NA	53	50	5.7	18	2	3	1.8	1	NA		water_deficit
300	2	C2	NA	NA	37	36	4.2	15	1	3	0.4	1	NA		water_deficit
300	2	C3	NA	NA	55	52	5.1	19	2	0	0.1	1	NA		water_deficit
300	2	C4	NA	NA	26	25	4	15	1	0	1.2	1	NA		water_deficit
305	2	A1	NA	NA	61	60	5.7	22	2	NA	NA	NA	NA		water_deficit
305	2	A2	NA	NA	41	38	3	14	1	3	3.5	1	NA		water_deficit
305	2	A3	NA	NA	95	88	5.8	26	1	4	13	1	4		water_deficit
305	2	B1	NA	NA	49	49	4.4	20	1	3	1	1	NA		water_deficit
305	2	B2	NA	NA	57	51	5.2	26	3	3	6	2	NA		water_deficit
305	2	B3	NA	NA	61	56	4.5	30	4	3	24	1	NA		water_deficit
305	2	C1	NA	NA	71	61	5.6	20	1	0	0.1	1	NA		water_deficit
305	2	C2	NA	NA	64	59	4.5	34	2	5	1.5	2	NA		water_deficit
305	2	C3	NA	NA	60	53	5.4	22	2	0	0.5	1	NA		water_deficit
323	2	A1	NA	NA	21	19	3.5	12	0	3	0.4	1	NA		water_deficit
323	2	A2	NA	NA	87	78	6.9	22	2	3	0.2	2	NA		water_deficit
323	2	A3	NA	NA	19	13	3.5	18	2	0	0	0	0		water_deficit
323	2	B1	NA	NA	93	82	2.7	2	NA	0	0	0	0		water_deficit
323	2	B2	NA	NA	117	105	3.4	2	NA	0	0	0	0		water_deficit
323	2	B3	NA	NA	54	43	2	NA	NA	1	8.5	2	NA		water_deficit
323	2	C1	NA	NA	41	29	4.2	18	3	3	3.2	1	NA		water_deficit
323	2	C2	NA	NA	43	37	5.2	21	2	5	2.4	1	NA		water_deficit
323	2	C3	NA	NA	145	119	7.1	29	5	6	18.8	4	NA		water_deficit
323	2	C4	NA	NA	31	14	4.9	12	1	0	0.8	1	NA		water_deficit
345	2	A1	NA	NA	56	49	5.9	15	2	0	0	0	0		water_deficit
345	2	A2	NA	NA	51	44	5	20	3	0	0	0	0		water_deficit
345	2	A3	NA	NA	66	58	5.1	22	2	5	4.9	1	NA		water_deficit
345	2	B1	NA	NA	88	84	4	27	8	5	10.3	2	NA		water_deficit
345	2	B2	NA	NA	85	83	5.5	24	3	6	10.5	1	NA		water_deficit
345	2	B3	NA	NA	100	97	4.5	24	2	3	6.9	2	NA		water_deficit
345	2	C1	NA	NA	66	64	5.8	6	2	3	7.2	2	NA		water_deficit
345	2	C2	NA	NA	75	73	5	22	2	NA	NA	NA	NA		water_deficit
345	2	C3	NA	NA	26	24	4	8	1	0	0	0	0		water_deficit
348	2	A1	NA	NA	79	76	5.9	32	4	3	2.2	1	NA		water_deficit
348	2	A2	NA	NA	47	45	5.1	16	1	4	1	1	NA		water_deficit
348	2	A3	NA	NA	42	41	4.6	16	4	3	10.5	3	3		water_deficit
348	2	A4	NA	NA	58	64	6.3	20	6	3	1	1	NA		water_deficit
348	2	B1	NA	NA	144	127	6.5	30	4	3	8.9	2	NA		water_deficit
348	2	B2	NA	NA	50	43	3.8	18	5	3	3	2	NA		water_deficit
348	2	B3	NA	NA	97	79	6.2	20	2	3	5	1	NA		water_deficit
348	2	C1	NA	NA	49	49	5.8	22	2	3	0.9	1	NA		water_deficit
348	2	C2	NA	NA	66	63	4.7	20	5	0	0.3	2	NA		water_deficit
348	2	C3	NA	NA	106	100	5.9	30	4	3	3	2	NA		water_deficit
356	2	A1	NA	NA	17	15	2.8	9	2	3	2.1	1	NA		water_deficit
356	2	A2	NA	NA	55	54	4.3	18	4	NA	0.4	1	NA		water_deficit
356	2	A3	NA	NA	42	44	4.7	19	2	NA	0.2	NA	NA		water_deficit
356	2	B1	NA	NA	20	18	2.1	13	0	0	0	0	0		water_deficit
356	2	B2	NA	NA	53	49	5.2	19	2	3	5.8	2	NA		water_deficit
356	2	B3	NA	NA	22	21	3.1	16	5	3	0.6	1	NA		water_deficit
356	2	C1	NA	NA	29	26	3.9	23	3	0	0	0	0		water_deficit
356	2	C2	NA	NA	27	71	3.8	14	3	3	5	1	NA		water_deficit
356	2	C3	NA	NA	72	63	4.2	26	6	2	3.5	2	NA		water_deficit
356	2	C4	NA	NA	72	NA	6	16	4	5	4.6	1	NA		water_deficit
367	2	A1	NA	NA	59	67	5.8	30	2	NA	4.7	1	NA		water_deficit
367	2	A2	NA	NA	63	65	5.7	32	6	5	12	3	NA		water_deficit
367	2	A3	NA	NA	NA	NA	NA	NA	NA	NA	NA	NA	NA		water_deficit
367	2	B1	NA	NA	29	24	4.5	14	1	0	0	0	0		water_deficit
367	2	B2	NA	NA	32	28	4.6	11	0	0	0	0	0		water_deficit
367	2	B3	NA	NA	45	43	4.6	20	2	2	1.7	1	NA		water_deficit
367	2	C1	NA	NA	79	75	5	24	5	7	10.3	3	NA		water_deficit
367	2	C2	NA	NA	76	70	5.1	32	9	4	0.1	1	NA		water_deficit
367	2	C3	NA	NA	48	44	5	16	4	NA	7.2	1	NA		water_deficit
367	2	C4	NA	NA	20	16	3.6	10	3	3	2.2	1	NA		water_deficit
Control	6	A1	NA	0	64	61	3.8	6	2	3	16	1	8		water_deficit
Control	6	A2	NA	0	88	37	4.2	8	0	4	21.5	1	7		water_deficit
Control	6	A3	NA	0	374	30	8.5	18	2	6	22.4	1	7		water_deficit
Control	6	B1	NA	0	254	15	5.4	12	0	3	24.5	1	13		water_deficit
Control	6	B2	NA	0	175	68	5.8	9	0	3	19.5	1	3		water_deficit
Control	6	B3	NA	0	223	25	4.3	12	1	6	21	1	7		water_deficit
Control	6	C1	NA	0	406	23	8.2	10	0	4	30	1	23		water_deficit
Control	6	C2	NA	0	220	18	6.5	14	2	3	13.8	1	8		water_deficit
E. coli	6	A1	NA	1.1	221	14	6.3	8	0	3	26.8	1	21		water_deficit
E. coli	6	A2	NA	1.1	334	25	7.8	13	2	3	29.5	1	20		water_deficit
E. coli	6	A3	NA	1.1	87	55	4.2	12	3	4	15.8	1	7		water_deficit
E. coli	6	B1	NA	1.1	102	12	5.1	12	2	4	11.2	1	5		water_deficit
E. coli	6	B2	NA	1.1	97	43	4.1	12	3	3	12.2	1	4		water_deficit
E. coli	6	B3	NA	1.1	219	18	5.8	12	0	1	27.2	1	16		water_deficit
E. coli	6	C1	NA	1.1	23	5	2.8	10	0	0	0	0	0		water_deficit
E. coli	6	C2	NA	1.1	74	32	5	11	1	3	12.3	1	5		water_deficit
E. coli	6	C3	NA	1.1	46	41	3.8	10	1	3	10.2	1	4		water_deficit
018	6	A1	NA	1.1	177	38	5.6	11	4	1	24.6	1	16		water_deficit
018	6	A2	NA	1.1	178	26	4.8	8	3	1	27.9	1	17		water_deficit
018	6	A3	NA	1.1	256	51	5.8	9	5	4	32	1	21		water_deficit
018	6	B1	NA	1.1	174	17	4.7	10	1	2	17	1	4		water_deficit
018	6	B2	NA	1.1	490	77	8.9	14	2	3	25.5	1	16		water_deficit
018	6	B3	NA	1.1	199	28	5.3	11	2	3	17.5	1	8		water_deficit
018	6	C1	NA	1.1	111	15	5.4	12	0	4	17.2	1	8		water_deficit
018	6	C2	NA	1.1	193	34	6.2	16	2	3	13.5	1	7		water_deficit
018	6	C3	NA	1.1	123	23	4.9	13	2	2	17.6	1	11		water_deficit
033	6	A1	NA	1.1	41	20	7.5	9	2	2	24.5	1	14		water_deficit
033	6	A2	NA	1.1	217	59	6.4	14	2	2	24.2	1	15		water_deficit
033	6	A3	NA	1.1	129	37	4.6	13	0	0	0	0	0		water_deficit
033	6	B1	NA	1.1	259	34	4.2	9	4	2	16.7	1	11		water_deficit
033	6	B2	NA	1.1	323	46	5.1	13	5	3	29.5	1	22		water_deficit
033	6	B3	NA	1.1	100	15	4.2	8	5	3	32	1	19		water_deficit
033	6	C1	NA	1.1	235	27	5.8	15	1	2	11.8	1	2		water_deficit
033	6	C2	NA	1.1	100	15	4.7	11	2	4	11.3	1	4		water_deficit
033	6	C3	NA	1.1	429	59	6.7	13	1	3	24.7	1	18		water_deficit
086	6	A1	6_wd_086_1	1.1	77	32	5	10	6	3	29	1	20		water_deficit
086	6	A2	6_wd_086_1	1.1	125	44	4.7	9	4	2	17.5	1	4		water_deficit
086	6	A3	6_wd_086_1	1.1	71	27	NA	13	5	2	23.5	1	14		water_deficit
086	6	B1	6_wd_086_1	1.1	40	12	3.1	7	5	2	19.7	1	8		water_deficit
086	6	B2	6_wd_086_1	1.1	124	33	5.8	12	1	0	0	0	0		water_deficit
086	6	B3	6_wd_086_1	1.1	54	13	3.7	12	1	0	0	0	0		water_deficit
086	6	C1	6_wd_086_1	1.1	60	43	3.7	9	3	6	29.5	1	8		water_deficit
086	6	C2	6_wd_086_1	1.1	78	54	5.8	14	1	5	12.2	1	10		water_deficit
086	6	C3	6_wd_086_1	1.1	32	28	NA	18	0	0	0	0	0		water_deficit
094	6	A1	NA	1.1	352	44	5.8	10	3	2	12.8	1	20		water_deficit
094	6	A2	NA	1.1	344	55	4.8	9	4	3	11.6	1	24		water_deficit
094	6	A3	NA	1.1	126	43	5	9	3	3	11.8	1	12		water_deficit
094	6	B1	NA	1.1	320	57	5.2	10	1	3	31.2	1	19		water_deficit
094	6	B2	NA	1.1	166	15	3.9	11	1	3	11.4	1	0		water_deficit
094	6	B3	NA	1.1	202	28	7.3	15	2	3	9.6	1	5		water_deficit
094	6	C1	NA	1.1	70	7	3.8	9	2	4	11.9	1	4		water_deficit
094	6	C2	NA	1.1	322	40	5.8	15	1	6	25.7	1	15		water_deficit
094	6	C3	NA	1.1	347	43	5.7	12	1	4	28.9	1	15		water_deficit
097	6	A1	6_wd_097_2	1.1	134	50	NA	15	12	4	22.5	2	11		water_deficit
097	6	A2	6_wd_097_2	1.1	96	34	5.5	11	5	3	21.5	1	12		water_deficit
097	6	A3	6_wd_097_2	1.1	96	37	3.3	16	11	5	5.6	1	6		water_deficit
097	6	B1	6_wd_097_2	1.1	84	8	4.1	12	2	2	11	1	5		water_deficit
097	6	B2	6_wd_097_2	1.1	203	27	5.2	10	1	3	25.7	1	15		water_deficit
097	6	B3	6_wd_097_2	1.1	134	18	5.7	17	1	0	0	0	0		water_deficit
097	6	C1	6_wd_097_2	1.1	70	26	4.2	8	6	3	23.8	1	7		water_deficit
097	6	C2	6_wd_097_2	1.1	46	17	3.8	8	2	6	5.7	1	1		water_deficit
097	6	C3	6_wd_097_2	1.1	54	21	NA	12	2	1	10.5	1	4		water_deficit
139	6	A1	6_wd_139_1	0.2	82	63	7.8	14	4	5	28.5	1	18		water_deficit
139	6	A2	6_wd_139_1	0.2	36	15	5.6	8	4	3	27.6	1	16		water_deficit
139	6	A3	6_wd_139_1	0.2	23	18	4.1	12	5	3	12.4	1	7		water_deficit
139	6	B1	6_wd_139_1	0.2	23	19	3.7	10	1	2	12.8	1	7		water_deficit
139	6	B2	6_wd_139_1	0.2	34	31	6.9	16	2	0	0	0	0		water_deficit
139	6	B3	6_wd_139_1	0.2	25	23	5.3	15	3	NA	0	1	0		water_deficit
139	6	C1	6_wd_139_1	0.2	80	8	3.8	12	2	4	7.4	1	3		water_deficit
139	6	C2	6_wd_139_1	0.2	39	19	4.5	14	3	4	9.8	1	4		water_deficit
139	6	C3	6_wd_139_1	0.2	47	18	3.7	10	3	0	0	0	0		water_deficit
144	6	A1	NA	1.1	200	61	7.6	10	4	3	23	1	14		water_deficit
144	6	A2	NA	1.1	125	37	6.2	14	4	4	5.5	1	4		water_deficit
144	6	A3	NA	1.1	104	30	NA	12	4	3	13.2	1	7		water_deficit
144	6	B1	NA	1.1	24	15	5.8	10	3	0	3.8	1	1		water_deficit
144	6	B2	NA	1.1	14	68	4.5	10	1	0	0	1	0		water_deficit
144	6	B3	NA	1.1	225	25	6.2	8	2	3	26	1	11		water_deficit
144	6	C1	NA	1.1	203	23	7.5	14	3	2	16.3	1	9		water_deficit
144	6	C2	NA	1.1	135	18	5.9	18	2	3	0.1	1	0		water_deficit
144	6	C3	NA	1.1	150	14	4.3	9	2	3	25.2	1	10		water_deficit
197	6	A1	6_wd_197_2	1.1	38	38	4.9	13	5	0	26	1	16		water_deficit
197	6	A2	6_wd_197_2	1.1	317	20	4.4	10	3	3	21.8	1	12		water_deficit
197	6	A3	6_wd_197_2	1.1	92	48	6.2	13	1	4	25.7	1	18		water_deficit
197	6	B1	6_wd_197_2	1.1	138	7	3.5	12	0	3	1.6	1	0		water_deficit
197	6	B2	6_wd_197_2	1.1	87	53	7.6	17	2	2	10.5	1	5		water_deficit
197	6	B3	6_wd_197_2	1.1	246	16	3.6	10	5	2	18.4	1	2		water_deficit
197	6	C1	6_wd_197_2	1.1	12	12	3.3	11	4	4	13.6	1	7		water_deficit
197	6	C2	6_wd_197_2	1.1	54	44	7.8	10	3	4	22.1	1	11		water_deficit
197	6	C3	6_wd_197_2	1.1	27	30	4.7	13	3	2	2.1	1	6		water_deficit
243	6	A1	N.A. 	1.1	288	21	6.8	9	0	5	27.8	1	19		water_deficit
243	6	A2	N.A. 	1.1	194	26	5.8	15	1	4	26	1	7		water_deficit
243	6	A3	N.A. 	1.1	368	50	7.4	13	0	5	23.8	2	12		water_deficit
243	6	B1	N.A. 	1.1	51	7	3.1	14	2	0	0	0	0		water_deficit
243	6	B2	N.A. 	1.1	427	43	6.8	12	2	4	27	1	15		water_deficit
243	6	B3	N.A. 	1.1	88	12	3.6	11	0	4	0	1	1		water_deficit
243	6	C1	N.A. 	1.1	232	35	5.8	10	3	4	17.8	1	14		water_deficit
243	6	C2	N.A. 	1.1	133	23	5.2	5	4	2	1	1	15		water_deficit
243	6	C3	N.A. 	1.1	172	27	4.9	12	5	3	23.5	1	13		water_deficit
247	6	A1	N.A. 	1.1	148	24	5.4	9	2	2	12.4	1	23		water_deficit
247	6	A2	N.A. 	1.1	122	23	5.3	11	2	4	0	1	12		water_deficit
247	6	A3	N.A. 	1.1	282	52	5.6	11	2	3	25.2	1	20		water_deficit
247	6	B1	N.A. 	1.1	329	57	5.8	12	1	4	33	1	20		water_deficit
247	6	B2	N.A. 	1.1	312	44	5.7	11	0	3	1	1	21		water_deficit
247	6	B3	N.A. 	1.1	36	7	3.4	12	1	0	0	0	0		water_deficit
247	6	C1	N.A. 	1.1	223	40	5.3	16	2	5	21.6	1	6		water_deficit
247	6	C2	N.A. 	1.1	172	29	4.4	16	1	0	21.4	0	0		water_deficit
247	6	C3	N.A. 	1.1	283	43	6.2	12	2	2	30.8	2	15		water_deficit
247	6	D1	N.A. 	1.1	248	26	5.2	11	0	3	29.4	1	12		water_deficit
247	6	D2	N.A. 	1.1	117	14	2.8	10	0	4	16.8	1	0		water_deficit
247	6	D3	N.A. 	1.1	233	22	3.3	11	1	6	22.4	1	0		water_deficit
248	6	A1	6_wd_248_1	1.1	126	43	4	11	4	4	29	1	18		water_deficit
248	6	A2	6_wd_248_1	1.1	121	43	4.2	8	4	2	30	1	20		water_deficit
248	6	A3	6_wd_248_1	1.1	153	57	4.6	11	3	0	23.4	1	11		water_deficit
248	6	B1	6_wd_248_1	1.1	35	26	6.8	16	3	2	1	1	1		water_deficit
248	6	B2	6_wd_248_1	1.1	18	12	5.9	11	2	2	0.7	1	1		water_deficit
248	6	B3	6_wd_248_1	1.1	87	61	7.9	10	4	5	22.5	1	11		water_deficit
248	6	C1	6_wd_248_1	1.1	31	9	3.8	12	6	4	9.8	1	6		water_deficit
248	6	C2	6_wd_248_1	1.1	103	46	5.2	8	3	3	28	1	18		water_deficit
248	6	C3	6_wd_248_1	1.1	72	34	5.4	14	4	5	14.6	1	8		water_deficit
289	6	A1	6_wd_289_2	1.1	29	28	6.3	15	3	5	5.3	1	2		water_deficit
289	6	A2	6_wd_289_2	1.1	47	40	5.8	12	4	2	24.2	1	14		water_deficit
289	6	A3	6_wd_289_2	1.1	9	10	4.2	12	2	0	0	0	0		water_deficit
289	6	B1	6_wd_289_2	1.1	29	26	4.2	10	4	3	21.7	1	10		water_deficit
289	6	B2	6_wd_289_2	1.1	49	45	6.7	11	4	4	12.7	1	8		water_deficit
289	6	B3	6_wd_289_2	1.1	17	17	4.7	11	1	0	0	0	0		water_deficit
289	6	C1	6_wd_289_2	1.1	36	32	4.8	14	2	4	6.5	1	3		water_deficit
289	6	C2	6_wd_289_2	1.1	34	26	5.3	12	3	3	7.5	1	3		water_deficit
289	6	C3	6_wd_289_2	1.1	42	35	6.5	13	6	3	8.7	1	NA		water_deficit
302	6	A1	N.A. 	0.4	500	40	7.2	22	2	6	26.2	1	12	Sample shaking was not performed before the O.D. measurement. This microbe forms aggregates at luquid culture	water_deficit
302	6	A2	N.A. 	0.4	180	16	5.8	14	2	4	14.8	1	7		water_deficit
302	6	A3	N.A. 	0.4	188	0									water_deficit
302	6	B1	N.A. 	0.4	114	11	5.2	12	3	5	17.3	1	10		water_deficit
302	6	B2	N.A. 	0.4	147	14	6.3	13	1	0	0	1	0		water_deficit
302	6	B3	N.A. 	0.4	98	10	5.3	16	3	2	0	1	0		water_deficit
302	6	C1	N.A. 	0.4	86	53	6.6	12	3	3	19.8	1	12		water_deficit
302	6	C2	N.A. 	0.4	24	16	3.6	5	3	3	21.5	1	4		water_deficit
302	6	C3	N.A. 	0.4	22	4	4.2	13	3	3	1.5	1	0		water_deficit
347	6	A1	N.A. 	1.1	144	25	3.6	7	3	2	23.8	1	16		water_deficit
347	6	A2	N.A. 	1.1	285	41	NA	8	2	3	20.5	1	12		water_deficit
347	6	A3	N.A. 	1.1	274	43	4.7	11	3	4	29.8	1	15		water_deficit
347	6	B1	N.A. 	1.1	60	23	4.8	14	2	0	0	0	0		water_deficit
347	6	C1	N.A. 	1.1	252	28	6.5	14	1	4	14.7	1	6		water_deficit
347	6	C2	N.A. 	1.1	168	19	5.7	17	1	0	0	0	0		water_deficit
347	6	C3	N.A. 	1.1	90	11	NA	12	5	3	12.5	1	5		water_deficit
347	6	D1	N.A. 	1.1	167	15	5.8	14	3	4	24	1	14		water_deficit
347	6	D2	N.A. 	1.1	47	23	5.6	7	2	5	24.5	1	14		water_deficit
552	6	A1	N.A. 	0.7	277	31	6.7	12	1	3	27.8	1	17		water_deficit
552	6	A2	N.A. 	0.7	147	23	5.2	16	0	5	5.5	1	2		water_deficit
552	6	A3	N.A. 	0.7	330	44	7.7	19	3	5	4.7	1	4		water_deficit
552	6	B1	N.A. 	0.7	115	32	4.5	9	3	3	25.8	1	17		water_deficit
552	6	B2	N.A. 	0.7	89	25	3.8	7	4	2	25	1	15		water_deficit
552	6	B3	N.A. 	0.7	148	39	NA	12	4	5	27.2	1	16		water_deficit
552	6	C1	N.A. 	0.7	360	44	5.3	12	0	4	18.81	1	4		water_deficit
552	6	C2	N.A. 	0.7	112	10	5.2	9	1	2	8.5	1	4		water_deficit
552	6	C3	N.A. 	0.7	322	44	6.1	17	1	3	0.8	1	1		water_deficit
574	6	A1	N.A. 	1.1	50	40	6.5	11	3	3	14.8	1	7		water_deficit
574	6	A2	N.A. 	1.1	96	70	7.2	12	4	5	18.2	1	8		water_deficit
574	6	A3	N.A. 	1.1	67	53	8.5	16	4	3	10.8	1	7		water_deficit
574	6	B1	N.A. 	1.1	172	24	4.6	10	0	3	21.6	1	9		water_deficit
574	6	B2	N.A. 	1.1	129	5	4.3	9	0	2	23.2	1	8		water_deficit
574	6	B3	N.A. 	1.1	21	18	3.2	4	1	2	7	1	3		water_deficit
574	6	C1	N.A. 	1.1	54	11	0	10	3	3	10.4	1	3		water_deficit
574	6	C2	N.A. 	1.1	190	20	5.5	10	1	2	25.6	1	10		water_deficit
574	6	C3	N.A. 	1.1	274	48	5.8	13	1	0	26.2	1	16		water_deficit
605	6	A1	N.A. 	0.7	30	12	4.7	12	1	0	0	0	0		water_deficit
605	6	A2	N.A. 	0.7	108	31	NA	NA	1	4	12.5	1	4		water_deficit
605	6	A3	N.A. 	0.7	18	10	4.6	10	2	0	0	0	0		water_deficit
605	6	B1	N.A. 	0.7	278	51	5.7	10	3	3	29.2	1	17		water_deficit
605	6	B2	N.A. 	0.7	95	18	4.6	11	4	2	26.5	1	16		water_deficit
605	6	B3	N.A. 	0.7	161	29	5.1	12	4	3	23.2	3	13		water_deficit
605	6	C1	N.A. 	0.7	151	16	4.8	13	2	3	26.5	1	14		water_deficit
605	6	C2	N.A. 	0.7	47	17	4.6	12	3	2	23.2	1	18		water_deficit
605	6	C3	N.A. 	0.7	41	26	5.7	11	2	3	18.5	1	11		water_deficit
606	6	A1	N.A. 	1.1	128	25	4.8	7	2	4	21.5	1	9		water_deficit
606	6	A2	N.A. 	1.1	443	55	6.7	10	2	4	35.5	1	24		water_deficit
606	6	A3	N.A. 	1.1	46	12	4.2	9	2	4	18.8	1	8		water_deficit
606	6	B1	N.A. 	1.1	384	43	8.6	17	3	3	17.3	1	9		water_deficit
606	6	B2	N.A. 	1.1	65	18	5.1	13	1	0	0	0	0		water_deficit
606	6	B3	N.A. 	1.1	164	5	NA	11	1	3	18.2	0	10		water_deficit
606	6	C1	N.A. 	1.1	118	32	5.1	11	4	4	33.8	1	14		water_deficit
606	6	C2	N.A. 	1.1	130	41	NA	10	3	4	22.5	1	8		water_deficit
609	6	A1	N.A. 	0.6	188	24	5.2	12	2	3	23.8	1	15		water_deficit
609	6	A2	N.A. 	0.6	77	14	4.1	11	2	6	14.2	1	6		water_deficit
609	6	A3	N.A. 	0.6	407	61	7	16	0	5	26.8	1	18		water_deficit
609	6	B1	N.A. 	0.6	341	42	5.6	17	0	6	23.1	1	12		water_deficit
609	6	B2	N.A. 	0.6	309	40	7.1	10	1	3	29.9	1	18		water_deficit
609	6	B3	N.A. 	0.6	65	9	3.4	14	2	2	0.8	1	1		water_deficit
609	6	C1	N.A. 	0.6	77	31	4.7	9	3	2	30	1	18		water_deficit
609	6	C2	N.A. 	0.6	46	13	3.8	12	2	3	25.3	1	9		water_deficit
609	6	C3	N.A. 	0.6	25	19	3.9	8	1	2	21	1	10		water_deficit
614	6	A1	N.A. 	1.1	108	49	4.6	12	1	3	14.1	1	8		water_deficit
614	6	A2	N.A. 	1.1	184	42	4.8	11	2	3	19.7	1	12		water_deficit
614	6	A3	N.A. 	1.1	229	28	4.5	8	1	3	26	1	20		water_deficit
614	6	B1	N.A. 	1.1	16	12	0	10	2	0	7.2	1	1		water_deficit
614	6	B2	N.A. 	1.1	227	85	7.9	12	3	0	37	1	17		water_deficit
614	6	B3	N.A. 	1.1	26	14	3.7	5	2	4	10.5	1	5		water_deficit
614	6	C1	N.A. 	1.1	63	19	3.6	13	4	3	6.7	1	2		water_deficit
614	6	C2	N.A. 	1.1	92	29	6.6	15	2	3	1.8	1	2		water_deficit
614	6	C3	N.A. 	1.1	182	64	6.8	14	3	3	16	1	8		water_deficit
620	6	A1	N.A. 	1.1	174	38	NA	12	12	3	22.5	1	22		water_deficit
620	6	A2	N.A. 	1.1	52	16	NA	8	8	2	23.8	1	19		water_deficit
620	6	A3	N.A. 	1.1	75	18	4.8	14	5	2	3.2	1	0		water_deficit
620	6	B1	N.A. 	1.1	109	16	4.8	12	3	3	15.5	1	9		water_deficit
620	6	B2	N.A. 	1.1	235	33	6.4	13	2	3	17.7	1	10		water_deficit
620	6	B3	N.A. 	1.1	129	20	NA	7	0	2	25.8	1	13		water_deficit
620	6	C1	N.A. 	1.1	344	41	NA	NA	3	2	18.6	1	20		water_deficit
620	6	C2	N.A. 	1.1	301	53	5.8	11	3	3	25	1	20		water_deficit
623	6	A1	6_wd_623_1	1.1	198	24	4.8	10	2	3	24	1	12		water_deficit
623	6	A2	6_wd_623_1	1.1	257	46	6	14	2	3	25.8	1	14		water_deficit
623	6	A3	6_wd_623_1	1.1	12	6	4	9	1	0	0	0	0		water_deficit
623	6	B1	6_wd_623_1	1.1	220	23	4.7	8	1	3	18.7	1	4		water_deficit
623	6	B2	6_wd_623_1	1.1	222	19	6.4	11	3	2	18.5	1	16		water_deficit
623	6	B3	6_wd_623_1	1.1	154	24	5	9	2	2	23.8	1	14		water_deficit
623	6	C1	6_wd_623_1	1.1	208	23	6.1	14	1	4	18.5	1	8		water_deficit
623	6	C2	6_wd_623_1	1.1	163	23	5.1	10	0	3	20.9	1	13		water_deficit
623	6	C3	6_wd_623_1	1.1	69	13	4	12	1	2	NA	1	2		water_deficit
624	6	A1	N.A. 	1.1	129	13	5.6	16	1	5	8.6	1	4		water_deficit
624	6	A2	N.A. 	1.1	71	70	4.7	12	1	4	5.8	1	1		water_deficit
624	6	A3	N.A. 	1.1	73	5	5.9	15	2	3	3	1	1		water_deficit
624	6	B1	N.A. 	1.1	110	28	5.7	12	4	5	18.7	2	7		water_deficit
624	6	B2	N.A. 	1.1	76	43	5.3	18	3	6	17.6	1	8		water_deficit
624	6	B3	N.A. 	1.1	41	6	3.7	6	5	4	22.7	1	9		water_deficit
624	6	C1	N.A. 	1.1	150	36	5.1	13	5	2	22.6	1	14		water_deficit
624	6	C2	N.A. 	1.1	137	53	5.4	11	3	4	21.6	1	8		water_deficit
624	6	C3	N.A. 	1.1	24	13	3.8	9	4	2	20	1	5		water_deficit
628	6	A1	6_wd_628_1	1.1	125	116	8.5	12	3	3	16.2	1	NA		water_deficit
628	6	A2	6_wd_628_1	1.1	37	29	6.4	11	3	0	10.2	1	0		water_deficit
628	6	A3	6_wd_628_1	1.1	15	15	4.2	9	3	3	7.6	1	0		water_deficit
628	6	B1	6_wd_628_1	1.1	117	22	4.3	9	4	2	20	1	0		water_deficit
628	6	B2	6_wd_628_1	1.1	132	24	4.7	10	0	3	7.6	1	0		water_deficit
628	6	B3	6_wd_628_1	1.1	39	9	3.9	13	0	0	5.7	1	13		water_deficit
628	6	C1	6_wd_628_1	1.1	58	40	0	8	1	2	17.5	1	0		water_deficit
628	6	C2	6_wd_628_1	1.1	49	20	3.6	13	3	0	0	0	4		water_deficit
628	6	C3	6_wd_628_1	1.1	97	28	6	12	4	1	15.5	1	NA		water_deficit
630	6	A1	N.A. 	0.17	233	53	5.4	14	5	4	26.5	1	22		water_deficit
630	6	A2	N.A. 	0.17	41	8	3.8	10	4	3	12.5	1	7		water_deficit
630	6	A3	N.A. 	0.17	288	57	7.6	15	4	4	28.5	1	21		water_deficit
630	6	B1	N.A. 	0.17	146	48	5.1	10	4	2	26.2	1	14		water_deficit
630	6	B2	N.A. 	0.17	178	51	5.4	10	4	6	34	1	22		water_deficit
630	6	B3	N.A. 	0.17	21	8	3.5	12	6	3	4.9	1	0		water_deficit
630	6	C1	N.A. 	0.17	142	38	3.8	13	5	2	16.5	0	9		water_deficit
630	6	C2	N.A. 	0.17	150	37	6.4	8	3	2	22.8	1	14		water_deficit
630	6	C3	N.A. 	0.17	114	27	5.7	12	4	2	17.3	1	11		water_deficit
Control	9	A1	9_wd_control_1	0	99	85	6.7	19	2	3	4.8	1	3		water_deficit
Control	9	A2	9_wd_control_1	0	144	121	8.5	24	3	2	0.5	1	4		water_deficit
Control	9	B1	9_wd_control_1	0	28	33	3.8	10	1	4	13.6	1	5		water_deficit
Control	9	B2	9_wd_control_1	0	82	50	2.6	4	1	4	7.7	1	4		water_deficit
Control	9	B3	9_wd_control_1	0	23	20	3.2	8	1	4	3.5	1	3		water_deficit
Control	9	C1	9_wd_control_1	0	62	58	7.7	16	0	0	0	1	3		water_deficit
Control	9	C2	9_wd_control_1	0	34	32	5.7	11	1	2	0.8	0	1		water_deficit
Control	9	C3	9_wd_control_1	0	131	115	7.3	16	2	3	0	1	2		water_deficit
003	9	A1	9_wd_003_1	0.9	44	80	4.7	10	1	3	8.7	1	8		water_deficit
003	9	A2	9_wd_003_1	0.9	78	71	6.6	12	1	3	6.2	1	4		water_deficit
003	9	A3	9_wd_003_1	0.9	94	96	7.2	19	2	0	0	0	0		water_deficit
003	9	B1	9_wd_003_1	0.9	37	32	4.3	12	1	3	2.3	1	2		water_deficit
003	9	B2	9_wd_003_1	0.9	69	63	7.3	18	3	4	0	1	0		water_deficit
003	9	B3	9_wd_003_1	0.9	53	42	5.7	14	2	3	8.7	1	5		water_deficit
003	9	C1	9_wd_003_1	0.9	28	22	3.6	8	1	3	4.2	1	3		water_deficit
003	9	C2	9_wd_003_1	0.9	20	19	3.4	7	2	0	0	0	0		water_deficit
003	9	C3	9_wd_003_1	0.9	22	11	3.8	12	1	3	2.4	1	3		water_deficit
210	9	A1	9_wd_210_1	0.9	24	28	5.2	12	2	0	0	0	0		water_deficit
210	9	A2	9_wd_210_1	0.9	37	29	5.6	10	1	0	0	0	0		water_deficit
210	9	A3	9_wd_210_1	0.9	12	13	3.5	8	0	0	0	0	0		water_deficit
210	9	B1	9_wd_210_1	0.9	44	36	4.6	15	4	0	0	0	0		water_deficit
210	9	B2	9_wd_210_1	0.9	56	64	5.5	12	2	0	0	0	0		water_deficit
210	9	B3	9_wd_210_1	0.9	31	33	4.6	12	4	0	0	0	0		water_deficit
210	9	C1	9_wd_210_1	0.9	24	21	3.6	12	1	0	0	0	0		water_deficit
210	9	C2	9_wd_210_1	0.9	49	40	5.4	9	3	0	0	0	0		water_deficit
210	9	C3	9_wd_210_1	0.9	7	3	2.2	8	1	0	0	0	0		water_deficit
227	9	A1	9_wd_227_2	0.9	24	67	6.8	18	4	1	2	1	2		water_deficit
227	9	A2	9_wd_227_2	0.9	37	87	7.2	19	7	0	0	0	0		water_deficit
227	9	A3	9_wd_227_2	0.9	104	104	7.1	17	3	0	0	0	0		water_deficit
227	9	B1	9_wd_227_2	0.9	86	63	5.4	15	3	3	7.2	1	4		water_deficit
227	9	B2	9_wd_227_2	0.9	79	78	6.5	19	1	0	0	0	0		water_deficit
227	9	B3	9_wd_227_2	0.9	51	51	4.6	20	2	4	2.8	1	1		water_deficit
227	9	C1	9_wd_227_2	0.9	35	37	4.7	15	2	0	0	0	0		water_deficit
227	9	C2	9_wd_227_2	0.9	49	51	4.6	16	1	0	0	0	0		water_deficit
227	9	C3	9_wd_227_2	0.9	14	15	3.3	10	1	2	3.2	1	1		water_deficit
129	12	A1	12_wd_129_2	1.1	16	15	4.5	9	0	0	1.2	1	0		water_deficit
129	12	A2	12_wd_129_2	1.1	67	64	6.4	20	1	0	0	0	0		water_deficit
129	12	A3	12_wd_129_2	1.1	50	47	5.2	16	0	0	0	0	0		water_deficit
129	12	B1	12_wd_129_2	1.1	58	56	6.6	20	1	4	0.8	1	0		water_deficit
129	12	B2	12_wd_129_2	1.1	65	62	6.7	22	3	3	4.4	2	2		water_deficit
129	12	B3	12_wd_129_2	1.1	49	44	5.9	23	2	0	1	0	0		water_deficit
129	12	C1	12_wd_129_2	1.1	51	48	4.8	16	2	0	0.2	2	0		water_deficit
129	12	C2	12_wd_129_2	1.1	105	102	8.2	25	1	0	0	0	0		water_deficit
129	12	C3	12_wd_129_2	1.1	42	35	4.5	15	1	4	6.3	2	2		water_deficit
139	12	A1	12_wd_139_2	1.1	44	43	5.7	12	1	0	0	0	0		water_deficit
139	12	A2	12_wd_139_2	1.1	101	95	6.6	28	2	3	2.1	1	1		water_deficit
139	12	A3	12_wd_139_2	1.1	69	68	6.6	23	2	0	0.6	1	1		water_deficit
139	12	B1	12_wd_139_2	1.1	95	81	7.1	27	3	4	5.7	1	2		water_deficit
139	12	B2	12_wd_139_2	1.1	77	64	5.6	23	2	4	4.7	1	1		water_deficit
139	12	B3	12_wd_139_2	1.1	70	56	5.4	21	3	4	6.1	2	1		water_deficit
139	12	C1	12_wd_139_2	1.1	57	55	6.6	23	2	0	0	0	0		water_deficit
139	12	C2	12_wd_139_2	1.1	40	32	5.2	18	2	0	1.8	0	0		water_deficit
139	12	C3	12_wd_139_2	1.1	35	32	4.1	18	0	3	2.9	1	1		water_deficit
203	12	A1	12_wd_203_2	0.5	101	41	4.8	13	2	5	11.2	1	3		water_deficit
203	12	A2	12_wd_203_2	0.5	102	50	6.1	17	1	0	0	0	0		water_deficit
203	12	A3	12_wd_203_2	0.5	186	86	5.2	19	3	3	11.1	3	5		water_deficit
203	12	B1	12_wd_203_2	0.5	252	117	5.7	31	2	4	2.7	2	1		water_deficit
203	12	B2	12_wd_203_2	0.5	128	62	4.8	24	0	0	0	0	0		water_deficit
203	12	B3	12_wd_203_2	0.5	34	16	2.5	12	0	0	0	0	0		water_deficit
203	12	C1	12_wd_203_2	0.5	350	60	5.2	14	0	3	2.5	1	1		water_deficit
203	12	C2	12_wd_203_2	0.5	684	114	5.2	28	2	4	3.1	2	2		water_deficit
203	12	C3	12_wd_203_2	0.5	374	60	6.1	14	1	4	11.3	1	4		water_deficit
273	12	A1	12_wd_273_2	1.1	73	37	5.1	15	2	1	0.5	1	1		water_deficit
273	12	A2	12_wd_273_2	1.1	162	77	6.1	22	3	4	6.1	1	4		water_deficit
273	12	A3	12_wd_273_2	1.1	108	56	7.7	20	4	4	0.9	1	1		water_deficit
273	12	B1	12_wd_273_2	1.1	137	49	5.2	20	3	4	9.8	2	6		water_deficit
273	12	B2	12_wd_273_2	1.1	196	72	5.7	24	2	4	11.7	2	4		water_deficit
273	12	B3	12_wd_273_2	1.1	172	60	6.6	20	1	4	3.8	1	2		water_deficit
273	12	C1	12_wd_273_2	1.1	105	100	6.2	34	3	2	0.7	1	1		water_deficit
273	12	C2	12_wd_273_2	1.1	83	80	6.5	20	2	2	0.9	1	1		water_deficit
273	12	C3	12_wd_273_2	1.1	34	32	4.6	16	4	0	0	0	0		water_deficit
286	12	A1	12_wd_286_2	1.1	83	79	6.2	20	1	2	0.6	1	1		water_deficit
286	12	A2	12_wd_286_2	1.1	39	36	4.3	15	2	3	3.6	1	1		water_deficit
286	12	A3	12_wd_286_2	1.1	76	74	5.6	23	1	0	0	0	0		water_deficit
286	12	B1	12_wd_286_2	1.1	33	30	5.2	18	0	2	0	0.8	1		water_deficit
286	12	B2	12_wd_286_2	1.1	59	52	6.1	19	4	4	2.9	1	1		water_deficit
286	12	B3	12_wd_286_2	1.1	38	36	5.8	21	0	3	0.5	1	1		water_deficit
286	12	C1	12_wd_286_2	1.1	277	92	4.6	20	3	3	13.8	3	8		water_deficit
286	12	C2	12_wd_286_2	1.1	261	72	5.8	18	3	4	10.2	2	5		water_deficit
286	12	C3	12_wd_286_2	1.1	181	56	5.3	21	3	4	11.6	2	7		water_deficit
288	12	A1	12_wd_288_2	0.5	84	83	5.6	26	1	2	1.3	1	1		water_deficit
288	12	A2	12_wd_288_2	0.5	83	82	6.6	32	2	3	2.6	2	1		water_deficit
288	12	A3	12_wd_288_2	0.5	38	38	4.8	18	1	0	0	0	0		water_deficit
288	12	B1	12_wd_288_2	0.5	110	99	6.6	25	1	0	0	0	0		water_deficit
288	12	B2	12_wd_288_2	0.5	88	77	5.9	16	1	3	1.4	1	1		water_deficit
288	12	B3	12_wd_288_2	0.5	52	49	5.5	18	1	0	0	0	0		water_deficit
288	12	C1	12_wd_288_2	0.5	82	74	5.6	21	0	4	5.2	1	1		water_deficit
288	12	C2	12_wd_288_2	0.5	102	89	6.4	24	2	4	7.3	1	3		water_deficit
288	12	C3	12_wd_288_2	0.5	67	63	6	16	2	4	2.7	1	2		water_deficit
302	12	A1	12_wd_302_2	0.5	77	71	7.3	13	1	5	5.7	1	3		water_deficit
302	12	A2	12_wd_302_2	0.5	78	76	8.4	20	2	4	1.7	1	1		water_deficit
302	12	A3	12_wd_302_2	0.5	17	23	4.2	12	1	0	0	0	0		water_deficit
302	12	B1	12_wd_302_2	0.5	92	88	7.1	28	1	0	0	0	0		water_deficit
302	12	B2	12_wd_302_2	0.5	75	60	5.5	20	2	4	6.9	1	3		water_deficit
302	12	B3	12_wd_302_2	0.5	57	55	5.2	16	0	0	0	0	0		water_deficit
302	12	C1	12_wd_302_2	0.5	205	61	4.5	16	2	4	2.6	1	2		water_deficit
302	12	C2	12_wd_302_2	0.5	260	81	4.8	18	3	4	10.6	1	8		water_deficit
302	12	C3	12_wd_302_2	0.5	165	50	5.6	18	1	4	9.8	1	4		water_deficit
378	12	A1	12_wd_378_2	1.1	136	54	4.8	14	1	4	10.6	2	4		water_deficit
378	12	A2	12_wd_378_2	1.1	58	22	3.6	12	3	4	8.2	1	4		water_deficit
378	12	A3	12_wd_378_2	1.1	55	24	4.5	15	1	0	0	0	0		water_deficit
378	12	A4	12_wd_378_2	1.1	104	42	4.8	14	2	3	5.8	1	5		water_deficit
378	12	B1	12_wd_378_2	1.1	85	68	5.4	28	2	2	3.2	1	2		water_deficit
378	12	B2	12_wd_378_2	1.1	63	47	4.1	18	1	3	7.4	2	4		water_deficit
378	12	B3	12_wd_378_2	1.1	92	63	6.1	20	0	0	0	0	0		water_deficit
378	12	C1	12_wd_378_2	1.1	51	48	4.8	22	0	0	0	0	0		water_deficit
378	12	C2	12_wd_378_2	1.1	124	112	7.6	18	1	5	4.7	2	1		water_deficit
378	12	C3	12_wd_378_2	1.1	68	65	5.8	18	0	2	0.5	1	1		water_deficit
550	12	A1	12_wd_550_2	1.1	60	57	5.7	21	1	4	1.2	2	1		water_deficit
550	12	A2	12_wd_550_2	1.1	38	36	5.8	16	0	0	0	0	0		water_deficit
550	12	A3	12_wd_550_2	1.1	64	59	6.8	26	2	2	1.5	1	1		water_deficit
550	12	B1	12_wd_550_2	1.1	51	48	6.1	20	1	3	1.3	1	2		water_deficit
550	12	B2	12_wd_550_2	1.1	56	52	5.8	15	0	0	0	0	0		water_deficit
550	12	B3	12_wd_550_2	1.1	62	58	6.6	23	1	2	1.6	1	1		water_deficit
550	12	C1	12_wd_550_2	1.1	24	24	5.1	14	2	0	0	0	0		water_deficit
550	12	C2	12_wd_550_2	1.1	44	43	6.5	23	4	2	1.5	1	1		water_deficit
550	12	C3	12_wd_550_2	1.1	90	88	6.4	28	2	0	1.8	0	2		water_deficit
558	12	A1	12_wd_558_2	1.1	68	62	5.4	16	0	5	6.2	1	3		water_deficit
558	12	A2	12_wd_558_2	1.1	48	44	5.8	18	0	2	0	0	0		water_deficit
558	12	A3	12_wd_558_2	1.1	22	21	3.6	13	0	0	1.5	0	0		water_deficit
558	12	B1	12_wd_558_2	1.1	69	66	5.6	16	1	0	0	0	0		water_deficit
558	12	B2	12_wd_558_2	1.1	61	57	5.8	20	1	0	0	0	0		water_deficit
558	12	B3	12_wd_558_2	1.1	61	60	4.7	24	1	0	0	0	0		water_deficit
558	12	C1	12_wd_558_2	1.1	158	105	7.3	22	3	5	11.2	3	4		water_deficit
558	12	C2	12_wd_558_2	1.1	51	37	5.6	13	2	0	0	0	0		water_deficit
558	12	C3	12_wd_558_2	1.1	101	70	6.7	21	3	4	3.5	1	1		water_deficit
621	12	A1	12_wd_621_2	1.1	221	101	5.1	14	0	0	0	0	0		water_deficit
621	12	A2	12_wd_621_2	1.1	128	62	5.1	18	1	3	13.3	1	1		water_deficit
621	12	A3	12_wd_621_2	1.1	99	52	5.2	12	1	5	6.4	2	3		water_deficit
621	12	A4	12_wd_621_2	1.1	74	35	5.6	14	3	3	10.2	1	4		water_deficit
621	12	A5	12_wd_621_2	1.1	60	25	4.5	10	2	0	0	0	0		water_deficit
621	12	B1	12_wd_621_2	1.1	179	46	7.1	20	1	6	8.2	3	5		water_deficit
621	12	B2	12_wd_621_2	1.1	304	69	6.5	14	1	3	4.4	2	3		water_deficit
621	12	B3	12_wd_621_2	1.1	229	47	7	16	2	4	2.6	1	1		water_deficit
621	12	C1	12_wd_621_2	1.1	105	89	5.6	24	3	4	7.6	2	3		water_deficit
621	12	C2	12_wd_621_2	1.1	63	58	6.7	24	0	3	4.6	2	1		water_deficit
621	12	C3	12_wd_621_2	1.1	18	18	3.4	6	1	2	1.1	1	1		water_deficit
630	12	A1	12_wd_630_2	1.1	502	114	4.7	14	2	0	0	0	0		water_deficit
630	12	A2	12_wd_630_2	1.1	273	61	6.2	22	3	4	6.6	3	2		water_deficit
630	12	A3	12_wd_630_2	1.1	157	37	5.7	11	2	5	7.5	1	3		water_deficit
630	12	B1	12_wd_630_2	1.1	178	90	5.8	18	3	5	7.5	1	4		water_deficit
630	12	B2	12_wd_630_2	1.1	142	67	5.6	14	1	5	9.8	1	2		water_deficit
630	12	B3	12_wd_630_2	1.1	218	102	7.6	19	3	4	8.6	2	4		water_deficit
630	12	C1	12_wd_630_2	1.1	160	71	6.1	10	2	6	9.7	1	5		water_deficit
630	12	C2	12_wd_630_2	1.1	176	79	6.4	14	1	5	12.8	1	7		water_deficit
630	12	C3	12_wd_630_2	1.1	95	52	3.8	15	1	4	6.6	1	4		water_deficit
636	12	A1	12_wd_636_2	1.1	83	77	7.6	26	1	5	2.1	1	1		water_deficit
636	12	A2	12_wd_636_2	1.1	88	85	7.5	24	1	2	1.8	1	1		water_deficit
636	12	A3	12_wd_636_2	1.1	68	66	6.8	20	0	3	2.8	2	1		water_deficit
636	12	B1	12_wd_636_2	1.1	66	64	6.4	20	1	4	2.4	1	2		water_deficit
636	12	B2	12_wd_636_2	1.1	86	82	5.6	22	3	4	2.7	2	1		water_deficit
636	12	B3	12_wd_636_2	1.1	84	80	5.2	18	1	5	5.8	2	2		water_deficit
636	12	C1	12_wd_636_2	1.1	91	52	4.6	19	2	5	6.7	1	4		water_deficit
636	12	C2	12_wd_636_2	1.1	200	117	6.2	26	3	3	7.4	1	4		water_deficit
636	12	C3	12_wd_636_2	1.1	85	51	4.8	15	3	0	0	0	0		water_deficit
636	12	C4	12_wd_636_2	1.1	38	23	5.1	13	3	0	0	0	0		water_deficit
740	12	A1	12_wd_740_2	1.1	167	98	6.4	21	2	4	0.8	1	1		water_deficit
740	12	A2	12_wd_740_2	1.1	96	49	5.7	12	2	3	7.7	1	1		water_deficit
740	12	A3	12_wd_740_2	1.1	195	116	6.7	24	2	0	0	0	0		water_deficit
740	12	B1	12_wd_740_2	1.1	570	73	7.5	17	2	5	19.1	2	9		water_deficit
740	12	B2	12_wd_740_2	1.1	560	81	6.3	18	3	4	9.2	3	3		water_deficit
740	12	B3	12_wd_740_2	1.1	124	17	5.2	6	0	0	4.4	1	1		water_deficit
740	12	C1	12_wd_740_2	1.1	374	43	6.8	19	1	4	16.7	1	3		water_deficit
740	12	C2	12_wd_740_2	1.1	234	33	5	15	0	2	1.2	1	1		water_deficit
740	12	C3	12_wd_740_2	1.1	413	64	6.4	18	1	4	4.4	2	1		water_deficit
742	12	A1	12_wd_742_2	1.1	74	57	5.2	22	0	3	1.8	1	2		water_deficit
742	12	A2	12_wd_742_2	1.1	70	63	5.5	22	1	4	4.5	1	3		water_deficit
742	12	A3	12_wd_742_2	1.1	50	43	5.8	16	0	4	10.2	3	4		water_deficit
742	12	B1	12_wd_742_2	1.1	706	119	7.5	19	2	5	9.8	1	3		water_deficit
742	12	B2	12_wd_742_2	1.1	532	95	6	17	4	3	9	1	4		water_deficit
742	12	C1	12_wd_742_2	1.1	249	140	6.6	30	2	4	9.8	1	4		water_deficit
742	12	C2	12_wd_742_2	1.1	70	37	5.7	16	1	0	0	0	0		water_deficit
742	12	C3	12_wd_742_2	1.1	115	57	6.3	18	1	3	6.8	1	3		water_deficit
Control+	12	A1	12_wd_control+_2	0	545	45	6.6	16	2	3	15.6	2	7		water_deficit
Control+	12	A2	12_wd_control+_2	0	1179	98	5.9	28	1	4	11.2	4	4		water_deficit
Control+	12	A3	12_wd_control+_2	0	735	69	5.6	25	1	2	4.5	1	0		water_deficit
Control+	12	B1	12_wd_control+_2	0	1342	128	7.8	26	1	6	17	3	4		water_deficit
Control+	12	B2	12_wd_control+_2	0	326	27	5.7	10	0	5	14.2	1	4		water_deficit
Control+	12	B3	12_wd_control+_2	0	556	56	6.6	15	2	6	11.2	1	1		water_deficit
Control+	12	C1	12_wd_control+_2	0	602	46	7	13	1	1	17.6	1	11		water_deficit
Control+	12	C2	12_wd_control+_2	0	424	51	6.6	16	0	0	0	0	0		water_deficit
Control+	12	C3	12_wd_control+_2	0	113	90	3.9	11	1	2	3.3	1	1		water_deficit
Control	12	A1	NA	0	382	67	6.3	19	1	4	2.1	1	4		water_deficit
Control	12	A2	NA	0	470	57	5.7	20	0	5	10.2	2	3		water_deficit
Control	12	A3	NA	0	171	53	4.7	15	2	1	2.2	1	0		water_deficit
Control	12	B1	NA	0	1185	118	8.5	34	1	4	16.5	2	6		water_deficit
Control	12	B2	NA	0	564	64	6.6	16	0	5	9.4	2	2		water_deficit
Control	12	B3	NA	0	347	45	5.8	12	2	5	3.8	1	1		water_deficit
Control	12	C1	NA	0	388	103	5.2	18	3	7	13.1	2	9		water_deficit
Control	12	C2	NA	0	294	76	6.1	16	1	5	8.2	2	3		water_deficit
Control	12	C3	NA	0	140	42	4.8	10	0	0	0	0	0		water_deficit
E. coli	12	A1	12_wd_ecoli_2	1.1	211	135	7.8	28	1	6	10.5	2	3		water_deficit
E. coli	12	A2	12_wd_ecoli_2	1.1	124	87	5.4	24	2	0	0	0	0		water_deficit
E. coli	12	B1	12_wd_ecoli_2	1.1	46	31	3.7	16	3	0	0	0	0		water_deficit
E. coli	12	B2	12_wd_ecoli_2	1.1	123	83	5.9	29	0	3	1.8	1	1		water_deficit
E. coli	12	B3	12_wd_ecoli_2	1.1	44	27	3.9	12	4	2	1.9	1	1		water_deficit
E. coli	12	C1	12_wd_ecoli_2	1.1	81	77	7.1	18	0	0	0	0	0		water_deficit
E. coli	12	C2	12_wd_ecoli_2	1.1	75	72	6.6	22	2	0	0	0	0		water_deficit
E. coli	12	C3	12_wd_ecoli_2	1.1	33	29	5.7	16	1	0	0	0	0		water_deficit
E. coli	12	A1	NA	0.5	81	59	9.8	19	0	0	0	0	0		water_deficit
E. coli	12	A2	NA	0.5	35	34	4.2	19	0	0	0	0	0		water_deficit
E. coli	12	A3	NA	0.5	68	64	6.4	19	1	4	3.4	1	1		water_deficit
E. coli	12	B1	NA	0.5	834	136	7.5	28	0	6	10.5	2	3		water_deficit
E. coli	12	B2	NA	0.5	292	48	6.2	14	0	0	0	0	0		water_deficit
E. coli	12	B3	NA	0.5	147	22	3.6	11	1	3	1.8	1	1		water_deficit
022	13	A1	13_wd_022_2	0.9	46	43	5.6	17	4	2	5.8	1	1		water_deficit
022	13	A2	13_wd_022_2	0.9	34	20	4.8	12	4	2	2.8	1	1		water_deficit
022	13	A3	13_wd_022_2	0.9	35	33	4.9	18	4	0	0	0	0		water_deficit
022	13	B1	13_wd_022_2	0.9	39	36	4.7	15	6	2	11.6	1	7		water_deficit
022	13	B2	13_wd_022_2	0.9	37	32	5.9	13	7	2	11.7	1	7		water_deficit
022	13	B3	13_wd_022_2	0.9	34	32	5	16	5	3	3.4	1	1		water_deficit
022	13	C1	13_wd_022_2	0.9	37	34	4.8	15	6	3	3.7	1	1		water_deficit
022	13	C2	13_wd_022_2	0.9	45	42	6.6	21	4	0	1	1	1		water_deficit
022	13	C3	13_wd_022_2	0.9	35	32	4.1	13	5	1	1.3	1	1		water_deficit
190	13	A1	13_wd_190_2	0.9	52	47	6.6	16	2	2	11.1	1	3		water_deficit
190	13	A2	13_wd_190_2	0.9	88	77	5.6	26	4	3	12.2	1	5		water_deficit
190	13	A3	13_wd_190_2	0.9	44	37	6.1	17	4	0	0	0	0		water_deficit
190	13	B1	13_wd_190_2	0.9	37	32	5.8	15	3	4	10.9	1	7		water_deficit
190	13	B2	13_wd_190_2	0.9	62	54	5.6	18	4	3	8.1	1	5		water_deficit
190	13	B3	13_wd_190_2	0.9	34	30	5	16	3	0	0	0	0		water_deficit
190	13	C1	13_wd_190_2	0.9	37	33	6	17	6	3	6.3	1	4		water_deficit
190	13	C2	13_wd_190_2	0.9	55	52	6.4	21	4	2	6.4	1	2		water_deficit
190	13	C3	13_wd_190_2	0.9	80	77	6.4	20	4	2	7.7	1	2		water_deficit
200	13	A1	13_wd_200_2	0.4	79	70	5.4	23	2	5	7.4	1	3		water_deficit
200	13	A2	13_wd_200_2	0.4	111	98	7.5	27	3	5	10.6	1	7		water_deficit
200	13	A3	13_wd_200_2	0.4	70	64	6.8	21	2	3	3.2	1	1		water_deficit
200	13	B1	13_wd_200_2	0.4	58	50	5.7	14	2	2	6.2	1	1		water_deficit
200	13	B2	13_wd_200_2	0.4	87	73	7.1	21	3	3	15.6	1	11		water_deficit
200	13	B3	13_wd_200_2	0.4	73	64	5.6	22	4	3	4.9	1	1		water_deficit
200	13	C1	13_wd_200_2	0.4	79	67	6.1	18	4	3	13.9	1	10		water_deficit
200	13	C2	13_wd_200_2	0.4	57	51	5.4	32	5	1	1.4	1	1		water_deficit
200	13	C3	13_wd_200_2	0.4	41	34	4.9	16	5	3	2.7	1	1		water_deficit
299	13	A1	13_wd_299_2	0.9	123	103	7.2	21	4	3	12.8	1	7		water_deficit
299	13	A2	13_wd_299_2	0.9	81	70	5.9	23	3	3	6.7	1	1		water_deficit
299	13	A3	13_wd_299_2	0.9	69	62	7.8	17	3	2	0.7	1	1		water_deficit
299	13	B1	13_wd_299_2	0.9	49	37	5.2	19	4	3	12.1	1	8		water_deficit
299	13	B2	13_wd_299_2	0.9	54	44	5.9	22	3	0	1.9	2	1		water_deficit
299	13	B3	13_wd_299_2	0.9	62	50	5.7	19	2	2	3.7	1	1		water_deficit
299	13	C1	13_wd_299_2	0.9	102	44	5.1	15	2	2	15.8	1	11		water_deficit
299	13	C2	13_wd_299_2	0.9	124	52	5.2	12	3	3	15.7	1	13		water_deficit
299	13	C3	13_wd_299_2	0.9	154	75	6.3	30	4	4	8.1	2	4		water_deficit
534	13	A1	13_wd_534_2	0.9	119	83	6.9	28	2	3	12	1	6		water_deficit
534	13	A2	13_wd_534_2	0.9	41	27	5.6	15	1	3	1.9	1	1		water_deficit
534	13	A3	13_wd_534_2	0.9	147	99	6.3	30	3	1	14.9	1	10		water_deficit
534	13	B1	13_wd_534_2	0.9	77	63	6.2	29	4	2	1	1	1		water_deficit
534	13	B2	13_wd_534_2	0.9	76	68	6.3	31	3	0	0	0	0		water_deficit
534	13	B3	13_wd_534_2	0.9	51	36	4.8	22	2	1	2.4	1	1		water_deficit
534	13	C1	13_wd_534_2	0.9	115	107	6.9	29	2	1	15.3	1	6		water_deficit
534	13	C2	13_wd_534_2	0.9	44	41	6.1	16	1	1	2.2	1	1		water_deficit
534	13	C3	13_wd_534_2	0.9	93	83	7.3	23	3	2	11.6	1	6		water_deficit
1020	13	A1	13_wd_1020_2	0.9	43	38	5.9	23	8	0	0	0	0		water_deficit
1020	13	A2	13_wd_1020_2	0.9	58	51	6.1	27	6	0	0.4	1	1		water_deficit
1020	13	A3	13_wd_1020_2	0.9	56	51	5.8	16	4	3	9.6	1	5		water_deficit
1020	13	B1	13_wd_1020_2	0.9	57	53	6.5	21	5	4	7.9	1	1		water_deficit
1020	13	B2	13_wd_1020_2	0.9	54	50	5.2	24	5	4	4.9	1	3		water_deficit
1020	13	B3	13_wd_1020_2	0.9	76	68	6.3	28	6	1	10.8	1	7		water_deficit
1020	13	C1	13_wd_1020_2	0.9	29	26	5.4	17	4	2	3.8	1	3		water_deficit
1020	13	C2	13_wd_1020_2	0.9	45	43	4.6	20	5	2	2.4	1	1		water_deficit
1020	13	C3	13_wd_1020_2	0.9	71	65	5.8	19	5	4	7.3	1	3		water_deficit
1060	13	A1	13_wd_1060_2	0.9	51	49	5.4	24	4	4	2.8	1	1		water_deficit
1060	13	A2	13_wd_1060_2	0.9	84	80	7.1	31	7	1	10.8	1	5		water_deficit
1060	13	A3	13_wd_1060_2	0.9	122	119	7.2	28	7	1	10.6	1	6		water_deficit
1060	13	B1	13_wd_1060_2	0.9	42	38	4.3	13	3	3	2.3	1	1		water_deficit
1060	13	B2	13_wd_1060_2	0.9	98	88	6.9	30	4	1	9.1	1	3		water_deficit
1060	13	B3	13_wd_1060_2	0.9	44	39	5.1	15	6	4	8.9	1	4		water_deficit
1060	13	C1	13_wd_1060_2	0.9	84	61	5.8	19	2	3	10.7	1	8		water_deficit
1060	13	C2	13_wd_1060_2	0.9	115	86	6.6	23	4	2	17.2	1	14		water_deficit
1060	13	C3	13_wd_1060_2	0.9	41	37	4.8	11	2	5	11.7	1	6		water_deficit
E. coli	13	A1	13_wd_ecoli_2	0.9	75	70	6.3	20	4	3	2.8	1	1		water_deficit
E. coli	13	A2	13_wd_ecoli_2	0.9	57	53	5.1	16	5	2	1.2	1	1		water_deficit
E. coli	13	A3	13_wd_ecoli_2	0.9	63	60	5.3	19	4	0	0	0	0		water_deficit
E. coli	13	B1	13_wd_ecoli_2	0.9	40	36	4.7	16	6	3	7.7	1	2		water_deficit
E. coli	13	B2	13_wd_ecoli_2	0.9	36	25	5.1	14	5	2	1.3	1	1		water_deficit
E. coli	13	B3	13_wd_ecoli_2	0.9	65	55	4.6	15	4	2	3	1	2		water_deficit
E. coli	13	C1	13_wd_ecoli_2	0.9	55	49	5.7	19	4	0	1	1	1		water_deficit
E. coli	13	C2	13_wd_ecoli_2	0.9	79	65	6.3	23	4	5	9.8	1	5		water_deficit
E. coli	13	C3	13_wd_ecoli_2	0.9	97	89	6.1	21	3	0	0.9	1	1		water_deficit
Control	13	A1	13_wd_control_3	0	41	37	4.5	16	6	3	2.9	1	1		water_deficit
Control	13	A2	13_wd_control_3	0	90	74	4.8	20	5	2	14.8	1	9		water_deficit
Control	13	A3	13_wd_control_3	0	78	78	6.4	23	6	5	6.7	1	1		water_deficit
Control	13	B1	13_wd_control_3	0	137	65	6.9	14	2	4	3.3	1	1		water_deficit
Control	13	B2	13_wd_control_3	0	126	57	5.2	20	3	3	2.9	1	1		water_deficit
Control	13	B3	13_wd_control_3	0	156	67	5.9	17	3	4	9.9	1	4		water_deficit
Control	13	C1	13_wd_control_3	0	55	34	5.7	18	2	1	9.7	1	6		water_deficit
Control	13	C2	13_wd_control_3	0	46	30	5.2	15	3	0	0	0	0		water_deficit
Control	13	C3	13_wd_control_3	0	165	114	6.4	27	3	2	10.6	1	4		water_deficit
Control+	13	A1	13_wd_control+_2	0	816	87	8.1	21	3	3	14.9	1	6		water_deficit
Control+	13	A2	13_wd_control+_2	0	919	96	8.6	18	0	3	16.8	1	10		water_deficit
Control+	13	A3	13_wd_control+_2	0	1186	162	6	26	8	3	29.2	1	21		water_deficit
Control+	13	B1	13_wd_control+_2	0	780	76	9.1	17	1	2	25.6	1	20		water_deficit
Control+	13	B2	13_wd_control+_2	0	559	67	7.4	23	2	2	13.1	1	9		water_deficit
Control+	13	B3	13_wd_control+_2	0	869	70	8.5	20	2	2	24.1	1	20		water_deficit
Control+	13	C1	13_wd_control+_2	0	737	78	8.6	19	0	1	28.6	1	13		water_deficit
Control+	13	C2	13_wd_control+_2	0	780	80	8.4	18	0	1	28.1	1	18		water_deficit
Control+	13	C3	13_wd_control+_2	0	442	39	5.8	15	1	2	11.9	1	4		water_deficit